remote = require('net.box')
---
...
box.sql.execute('create table test (id primary key, a float, b text)')
---
...
space = box.space.test
---
...
space:replace{1, 2, '3'}
---
- [1, 2, '3']
...
space:replace{4, 5, '6'}
---
- [4, 5, '6']
...
space:replace{7, 8.5, '9'}
---
- [7, 8.5, '9']
...
box.sql.execute('select * from test')
---
- - [1, 2, '3']
  - [4, 5, '6']
  - [7, 8.5, '9']
...
box.schema.user.grant('guest','read,write,execute', 'universe')
---
...
cn = remote.connect(box.cfg.listen)
---
...
cn:ping()
---
- true
...
--
-- Static queries, with no parameters.
--
-- Simple select.
cn:execute('select * from test')
---
- metadata: [{'name': id}, {'name': 'a'}, {'name': 'b'}]
  rows:
  - [1, 2, '3']
  - [4, 5, '6']
  - [7, 8.5, '9']
...
-- Operation with rowcount result.
cn:execute('insert into test values (10, 11, NULL)')
---
- rowcount: 1
...
cn:execute('delete from test where a = 5')
---
- rowcount: 1
...
cn:execute('insert into test values (11, 12, NULL), (12, 12, NULL), (13, 12, NULL)')
---
- rowcount: 3
...
cn:execute('delete from test where a = 12')
---
- rowcount: 3
...
-- SQL errors.
cn:execute('insert into not_existing_table values ("kek")')
---
- error: 'Failed to execute SQL statement: no such table: not_existing_table'
...
cn:execute('insert qwerty gjsdjq  q  qwd qmq;; q;qwd;')
---
- error: 'Failed to execute SQL statement: near "qwerty": syntax error'
...
-- Empty result.
cn:execute('select id as identifier from test where a = 5;')
---
- metadata: [{'name': identifier}]
  rows: []
...
-- netbox API errors.
cn:execute(100)
---
- error: 'Failed to execute SQL statement: near "100": syntax error'
...
cn:execute('select 1', nil, {dry_run = true})
---
- error: execute does not support options
...
-- Empty request.
cn:execute('')
---
- error: 'Failed to execute SQL statement: syntax error: empty request'
...
cn:execute('   ;')
---
- error: 'Failed to execute SQL statement: syntax error: empty request'
...
--
-- Parmaeters bindig.
--
cn:execute('select * from test where id = ?', {1})
---
- metadata: [{'name': id}, {'name': 'a'}, {'name': 'b'}]
  rows:
  - [1, 2, '3']
...
parameters = {}
---
...
parameters[1] = {}
---
...
parameters[1][':value'] = 1
---
...
cn:execute('select * from test where id = :value', parameters)
---
- metadata: [{'name': id}, {'name': 'a'}, {'name': 'b'}]
  rows:
  - [1, 2, '3']
...
cn:execute('select ?, ?, ?', {1, 2, 3})
---
- metadata: [{'name': '?'}, {'name': '?'}, {'name': '?'}]
  rows:
  - [1, 2, 3]
...
parameters = {}
---
...
parameters[1] = 10
---
...
parameters[2] = {}
---
...
parameters[2]['@value2'] = 12
---
...
parameters[3] = {}
---
...
parameters[3][':value1'] = 11
---
...
cn:execute('select ?, :value1, @value2', parameters)
---
- metadata: [{'name': '?'}, {'name': ':value1'}, {'name': '@value2'}]
  rows:
  - [10, 11, 12]
...
parameters = {}
---
...
parameters[1] = {}
---
...
parameters[1]['$value3'] = 1
---
...
parameters[2] = 2
---
...
parameters[3] = {}
---
...
parameters[3][':value1'] = 3
---
...
parameters[4] = 4
---
...
parameters[5] = 5
---
...
parameters[6] = {}
---
...
parameters[6]['@value2'] = 6
---
...
cn:execute('select $value3, ?, :value1, ?, ?, @value2, ?, $value3', parameters)
---
- metadata: [{'name': $value3}, {'name': '?'}, {'name': ':value1'}, {'name': '?'},
    {'name': '?'}, {'name': '@value2'}, {'name': '?'}, {'name': '$value3'}]
  rows:
  - [1, 2, 3, 4, 5, 6, null, 1]
...
-- Try not-integer types.
msgpack = require('msgpack')
---
...
cn:execute('select ?, ?, ?, ?, ?', {'abc', -123.456, msgpack.NULL, true, false})
---
- metadata: [{'name': '?'}, {'name': '?'}, {'name': '?'}, {'name': '?'}, {'name': '?'}]
  rows:
  - ['abc', -123.456, null, 1, 0]
...
-- Try to replace '?' in meta with something meaningful.
cn:execute('select ? as kek, ? as kek2', {1, 2})
---
- metadata: [{'name': kek}, {'name': 'kek2'}]
  rows:
  - [1, 2]
...
-- Try to bind not existing name.
parameters = {}
---
...
parameters[1] = {}
---
...
parameters[1]['name'] = 300
---
...
cn:execute('select ? as kek', parameters)
---
- error: Parameter 'name' was not found in the statement
...
-- Try too many parameters in a statement.
sql = 'select '..string.rep('?, ', box.schema.SQL_BIND_PARAMETER_MAX)..'?'
---
...
cn:execute(sql)
---
- error: 'Failed to execute SQL statement: too many SQL variables'
...
-- Try too many parameter values.
sql = 'select ?'
---
...
parameters = {}
---
...
for i = 1, box.schema.SQL_BIND_PARAMETER_MAX + 1 do parameters[i] = i end
---
...
cn:execute(sql, parameters)
---
- error: 'SQL bind parameter limit reached: 65001'
...
--
-- Errors during parameters binding.
--
-- Try value > INT64_MAX. SQLite can't bind it, since it has no
-- suitable method in its bind API.
cn:execute('select ? as big_uint', {0xefffffffffffffff})
---
- error: Bind value for parameter 1 is out of range for type INTEGER
...
-- Bind incorrect parameters.
cn:execute('select ?', { {1, 2, 3} })
---
- error: Bind value type ARRAY for parameter 1 is not supported
...
parameters = {}
---
...
parameters[1] = {}
---
...
parameters[1][100] = 200
---
...
cn:execute('select ?', parameters)
---
- error: Invalid MsgPack - SQL bind parameter
...
parameters = {}
---
...
parameters[1] = {}
---
...
parameters[1][':value'] = {kek = 300}
---
...
cn:execute('select :value', parameters)
---
- error: Bind value type MAP for parameter ':value' is not supported
...
-- gh-2608 SQL iproto DDL
cn:execute('create table test2(id primary key, a, b, c)')
---
- rowcount: 2
...
box.space.test2.name
---
- test2
...
cn:execute('insert into test2 values (1, 1, 1, 1)')
---
- rowcount: 1
...
cn:execute('select * from test2')
---
- metadata: [{'name': id}, {'name': 'a'}, {'name': 'b'}, {'name': 'c'}]
  rows:
  - [1, 1, 1, 1]
...
cn:execute('create index test2_a_b_index on test2(a, b)')
---
- rowcount: 1
...
#box.space.test2.index
---
- 1
...
cn:execute('drop table test2')
---
- rowcount: 3
...
box.space.test2
---
- null
...
-- gh-2617 SQL DDL changes
cn:execute('create table test2(id primary key, a unique, b, c)')
---
- rowcount: 3
...
-- rowcount = 3 = _space:insert(test2), _index:insert(pk, unique).
cn:reload_schema()
---
...
cn:execute('insert into test2 values (1, 2, 3, 4)')
---
- rowcount: 1
...
cn:execute('create table if not exists test2(id primary key)')
---
- rowcount: 0
...
-- rowcount = 0, table exists.
cn:reload_schema()
---
...
box.space.test2:truncate() -- create a tuple in _truncate.
---
...
cn:reload_schema()
---
...
cn:execute('create index sec_c on test2(c)')
---
- rowcount: 1
...
-- rowcount = 1, _index:insert(sec_c)
cn:reload_schema()
---
...
cn:execute('drop table test2')
---
- rowcount: 5
...
-- rowcount = 5: _space:delete(test2),
--               _index:delete(pk, unique, sec_c),
--               _truncate:delete(test2)
cn:reload_schema()
---
...
cn:close()
---
...
box.schema.user.revoke('guest', 'read,write,execute', 'universe')
---
...
box.sql.execute('drop table test')
---
...
space = nil
---
...
